{"cameraMode":{"drawMode":0,"name":"Shaded","section":"Shading Mode"},"sceneLighting":true,"audioPlay":false,"sceneViewState":{"m_AlwaysRefresh":false,"showFog":true,"showSkybox":true,"showFlares":true,"showImageEffects":true,"showParticleSystems":true,"showVisualEffectGraphs":true,"m_FxEnabled":true},"in2DMode":false,"pivot":{"x":-0.19496196508407594,"y":1.0480855703353882,"z":-6.710178852081299},"rotation":{"x":-0.015713287517428399,"y":-0.984478771686554,"z":0.12531691789627076,"w":-0.12488339096307755},"size":0.08187371492385864,"orthographic":false}